{"text": " I mean, you know, people are entitled to their sexual proclivities, you know. I mean, let there be a thousand blossoms, blooms, fruits, I'm concerned, you know. But I ain't spending any time on it, because in the meantime, every three months, a person is torn to pieces by a crocodile in North Queensland.", "segments": [{"id": 0, "seek": 0, "start": 0.0, "end": 6.16, "text": " I mean, you know, people are entitled to their sexual proclivities, you know.", "tokens": [50364, 286, 914, 11, 291, 458, 11, 561, 366, 17838, 281, 641, 6701, 447, 3474, 43539, 11, 291, 458, 13, 50672], "temperature": 0.0, "avg_logprob": -0.3005331085949409, "compression_ratio": 1.5326633165829147, "no_speech_prob": 0.04901061952114105}, {"id": 1, "seek": 0, "start": 6.16, "end": 11.68, "text": " I mean, let there be a thousand blossoms, blooms, fruits, I'm concerned, you know.", "tokens": [50672, 286, 914, 11, 718, 456, 312, 257, 4714, 47789, 11, 1749, 4785, 11, 12148, 11, 286, 478, 5922, 11, 291, 458, 13, 50948], "temperature": 0.0, "avg_logprob": -0.3005331085949409, "compression_ratio": 1.5326633165829147, "no_speech_prob": 0.04901061952114105}, {"id": 2, "seek": 0, "start": 11.68, "end": 17.44, "text": " But I ain't spending any time on it, because in the meantime, every three months,", "tokens": [50948, 583, 286, 7862, 380, 6434, 604, 565, 322, 309, 11, 570, 294, 264, 14991, 11, 633, 1045, 2493, 11, 51236], "temperature": 0.0, "avg_logprob": -0.3005331085949409, "compression_ratio": 1.5326633165829147, "no_speech_prob": 0.04901061952114105}, {"id": 3, "seek": 0, "start": 17.44, "end": 20.8, "text": " a person is torn to pieces by a crocodile in North Queensland.", "tokens": [51236, 257, 954, 307, 10885, 281, 3755, 538, 257, 43652, 294, 4067, 36913, 13, 51404], "temperature": 0.0, "avg_logprob": -0.3005331085949409, "compression_ratio": 1.5326633165829147, "no_speech_prob": 0.04901061952114105}], "language": "en"}