{"text": " strict we had a teacher who was so strict you weren't allowed to breathe in her lessons she used to stand out the front going no breathing and you had the whole morning to get through the weak ones just used to keel over and die you'd hear them going down behind you", "segments": [{"id": 0, "seek": 0, "start": 0.0, "end": 6.96, "text": " strict we had a teacher who was so strict you weren't allowed to breathe in", "tokens": [50364, 10910, 321, 632, 257, 5027, 567, 390, 370, 10910, 291, 4999, 380, 4350, 281, 10192, 294, 50712], "temperature": 0.0, "avg_logprob": -0.1903569881732647, "compression_ratio": 1.6835443037974684, "no_speech_prob": 0.139972522854805}, {"id": 1, "seek": 0, "start": 6.96, "end": 13.36, "text": " her lessons she used to stand out the front going no breathing and you had the", "tokens": [50712, 720, 8820, 750, 1143, 281, 1463, 484, 264, 1868, 516, 572, 9570, 293, 291, 632, 264, 51032], "temperature": 0.0, "avg_logprob": -0.1903569881732647, "compression_ratio": 1.6835443037974684, "no_speech_prob": 0.139972522854805}, {"id": 2, "seek": 0, "start": 13.36, "end": 21.12, "text": " whole morning to get through the weak ones just used to keel over and die", "tokens": [51032, 1379, 2446, 281, 483, 807, 264, 5336, 2306, 445, 1143, 281, 803, 338, 670, 293, 978, 51420], "temperature": 0.0, "avg_logprob": -0.1903569881732647, "compression_ratio": 1.6835443037974684, "no_speech_prob": 0.139972522854805}, {"id": 3, "seek": 0, "start": 21.12, "end": 24.84, "text": " you'd hear them going down behind you", "tokens": [51420, 291, 1116, 1568, 552, 516, 760, 2261, 291, 51606], "temperature": 0.0, "avg_logprob": -0.1903569881732647, "compression_ratio": 1.6835443037974684, "no_speech_prob": 0.139972522854805}], "language": "en"}