{"text": " Back here live at the waterfront village with my friend the zombie Jonathan. You're looking good. Jonathan Just got an awesome face paint job. What do you think? I like turtles All right, you're great zombie and good times here at the waterfront village open for the next 11 days", "segments": [{"id": 0, "seek": 0, "start": 0.0, "end": 6.24, "text": " Back here live at the waterfront village with my friend the zombie Jonathan. You're looking good. Jonathan", "tokens": [50364, 5833, 510, 1621, 412, 264, 1281, 11496, 7288, 365, 452, 1277, 264, 20310, 15471, 13, 509, 434, 1237, 665, 13, 15471, 50676], "temperature": 0.0, "avg_logprob": -0.21873543479225852, "compression_ratio": 1.508108108108108, "no_speech_prob": 0.11192896962165833}, {"id": 1, "seek": 0, "start": 6.24, "end": 9.78, "text": " Just got an awesome face paint job. What do you think? I like turtles", "tokens": [50676, 1449, 658, 364, 3476, 1851, 4225, 1691, 13, 708, 360, 291, 519, 30, 286, 411, 32422, 50853], "temperature": 0.0, "avg_logprob": -0.21873543479225852, "compression_ratio": 1.508108108108108, "no_speech_prob": 0.11192896962165833}, {"id": 2, "seek": 0, "start": 10.28, "end": 17.16, "text": " All right, you're great zombie and good times here at the waterfront village open for the next 11 days", "tokens": [50878, 1057, 558, 11, 291, 434, 869, 20310, 293, 665, 1413, 510, 412, 264, 1281, 11496, 7288, 1269, 337, 264, 958, 2975, 1708, 51222], "temperature": 0.0, "avg_logprob": -0.21873543479225852, "compression_ratio": 1.508108108108108, "no_speech_prob": 0.11192896962165833}], "language": "en"}